{
    "batch_size": 128,
    "best_valid_measure": 0.2602783107033579,
    "epoch": 9,
    "last_improvement": 4,
    "last_improvement_epoch": 5,
    "learning_rate": 0.001,
    "num_increases_bs": 0,
    "num_reductions_lr": 0,
    "steps": 207,
    "test_stats": {
        "class": {
            "accuracy": [
                0.7822384428223844,
                0.9014598540145985,
                0.8576642335766423,
                0.9099756690997567,
                0.9330900243309003,
                0.9148418491484185,
                0.927007299270073,
                0.9306569343065694,
                0.9318734793187348
            ],
            "hits_at_k": [
                0.975669099756691,
                0.9817518248175182,
                0.9902676399026764,
                0.9841849148418491,
                0.9951338199513382,
                0.98661800486618,
                0.9927007299270073,
                0.9914841849148418,
                0.9927007299270073
            ],
            "loss": [
                0.7185621702468018,
                0.40590156313856735,
                0.43192154241594377,
                0.35089760047095825,
                0.21191405727915522,
                0.3036004052545032,
                0.25678698453879995,
                0.254278119753167,
                0.2394649303742569
            ]
        },
        "combined": {
            "accuracy": [
                0.7822384428223844,
                0.9014598540145985,
                0.8576642335766423,
                0.9099756690997567,
                0.9330900243309003,
                0.9148418491484185,
                0.927007299270073,
                0.9306569343065694,
                0.9318734793187348
            ],
            "loss": [
                0.7185621702468018,
                0.40590156313856735,
                0.43192154241594377,
                0.35089760047095825,
                0.21191405727915522,
                0.3036004052545032,
                0.25678698453879995,
                0.254278119753167,
                0.2394649303742569
            ]
        }
    },
    "train_stats": {
        "class": {
            "accuracy": [
                0.8274058577405857,
                0.9731520223152023,
                0.9689679218967922,
                0.9888423988842399,
                0.9996513249651325,
                1.0,
                1.0,
                1.0,
                1.0
            ],
            "hits_at_k": [
                0.9829149232914923,
                0.9912831241283124,
                0.9989539748953975,
                0.9996513249651325,
                1.0,
                1.0,
                1.0,
                1.0,
                1.0
            ],
            "loss": [
                0.6607176915039743,
                0.2471049882710562,
                0.10451195304862625,
                0.08785210069752139,
                0.012886642349813772,
                0.005894276361543597,
                0.004593387344849492,
                0.0047353975984009405,
                0.004099630250633178
            ]
        },
        "combined": {
            "accuracy": [
                0.8274058577405857,
                0.9731520223152023,
                0.9689679218967922,
                0.9888423988842399,
                0.9996513249651325,
                1.0,
                1.0,
                1.0,
                1.0
            ],
            "loss": [
                0.6607176915039743,
                0.2471049882710562,
                0.10451195304862625,
                0.08785210069752139,
                0.012886642349813772,
                0.005894276361543597,
                0.004593387344849492,
                0.0047353975984009405,
                0.004099630250633178
            ]
        }
    },
    "vali_stats": {
        "class": {
            "accuracy": [
                0.7480719794344473,
                0.8946015424164524,
                0.8431876606683805,
                0.910025706940874,
                0.9203084832904884,
                0.9074550128534704,
                0.9074550128534704,
                0.9048843187660668,
                0.9048843187660668
            ],
            "hits_at_k": [
                0.9691516709511568,
                0.974293059125964,
                0.9897172236503856,
                0.9922879177377892,
                0.9948586118251928,
                0.9922879177377892,
                0.9922879177377892,
                0.9922879177377892,
                0.9948586118251928
            ],
            "loss": [
                1.2082766932662778,
                0.6552137184342259,
                0.5194790354549196,
                0.3557797986008514,
                0.2602783107033579,
                0.3783191457453033,
                0.3533962120548618,
                0.3328830223185774,
                0.3211727131656096
            ]
        },
        "combined": {
            "accuracy": [
                0.7480719794344473,
                0.8946015424164524,
                0.8431876606683805,
                0.910025706940874,
                0.9203084832904884,
                0.9074550128534704,
                0.9074550128534704,
                0.9048843187660668,
                0.9048843187660668
            ],
            "loss": [
                1.2082766932662778,
                0.6552137184342259,
                0.5194790354549196,
                0.3557797986008514,
                0.2602783107033579,
                0.3783191457453033,
                0.3533962120548618,
                0.3328830223185774,
                0.3211727131656096
            ]
        }
    }
}