{
    "batch_size": 128,
    "best_valid_measure": 1.106591985466775,
    "epoch": 9,
    "last_improvement": 2,
    "last_improvement_epoch": 7,
    "learning_rate": 0.001,
    "num_increases_bs": 0,
    "num_reductions_lr": 0,
    "steps": 54,
    "test_stats": {
        "combined": {
            "accuracy": [
                0.6080402010050251,
                0.22110552763819097,
                0.2964824120603015,
                0.4221105527638191,
                0.36683417085427134,
                0.4472361809045226,
                0.6130653266331658,
                0.6080402010050251,
                0.6080402010050251
            ],
            "loss": [
                2.3620290324915594,
                2.432087117104075,
                1.6920904418331895,
                1.504083681346184,
                1.4712741027525322,
                1.3249002964652363,
                1.2359945019285883,
                2.0204674802233824,
                2.445195950455402
            ]
        },
        "overall": {
            "accuracy": [
                0.6080402010050251,
                0.22110552763819097,
                0.2964824120603015,
                0.4221105527638191,
                0.36683417085427134,
                0.4472361809045226,
                0.6130653266331658,
                0.6080402010050251,
                0.6080402010050251
            ],
            "hits_at_k": [
                0.914572864321608,
                0.8844221105527639,
                0.914572864321608,
                0.8894472361809045,
                0.8793969849246231,
                0.914572864321608,
                0.8592964824120602,
                0.7587939698492462,
                0.7336683417085427
            ],
            "loss": [
                2.3620290324915594,
                2.432087117104075,
                1.6920904418331895,
                1.504083681346184,
                1.4712741027525322,
                1.3249002964652363,
                1.2359945019285883,
                2.0204674802233824,
                2.445195950455402
            ]
        }
    },
    "train_stats": {
        "combined": {
            "accuracy": [
                0.5491573033707865,
                0.351123595505618,
                0.7219101123595506,
                0.8567415730337079,
                0.8384831460674157,
                0.9789325842696629,
                0.9859550561797753,
                0.7191011235955056,
                0.7064606741573034
            ],
            "loss": [
                2.229703024532018,
                1.9644824681657085,
                0.8600376482759968,
                0.542808985442258,
                0.4514644172754181,
                0.2406817815277014,
                0.13798843943670894,
                0.6842836905061529,
                0.8748958834101644
            ]
        },
        "overall": {
            "accuracy": [
                0.5491573033707865,
                0.351123595505618,
                0.7219101123595506,
                0.8567415730337079,
                0.8384831460674157,
                0.9789325842696629,
                0.9859550561797753,
                0.7191011235955056,
                0.7064606741573034
            ],
            "hits_at_k": [
                0.9424157303370787,
                0.8693820224719101,
                0.9536516853932584,
                0.9705056179775281,
                1.0,
                0.9971910112359551,
                1.0,
                0.9971910112359551,
                1.0
            ],
            "loss": [
                2.229703024532018,
                1.9644824681657085,
                0.8600376482759968,
                0.542808985442258,
                0.4514644172754181,
                0.2406817815277014,
                0.13798843943670894,
                0.6842836905061529,
                0.8748958834101644
            ]
        }
    },
    "vali_stats": {
        "combined": {
            "accuracy": [
                0.651685393258427,
                0.24719101123595505,
                0.30337078651685395,
                0.30337078651685395,
                0.30337078651685395,
                0.4157303370786517,
                0.6404494382022472,
                0.651685393258427,
                0.651685393258427
            ],
            "loss": [
                2.023256280448999,
                2.1968495229656777,
                1.6844561287526334,
                1.453649628028441,
                1.4259368382143172,
                1.2989949429972787,
                1.106591985466775,
                1.9267720426066537,
                2.3470515561907477
            ]
        },
        "overall": {
            "accuracy": [
                0.651685393258427,
                0.24719101123595505,
                0.30337078651685395,
                0.30337078651685395,
                0.30337078651685395,
                0.4157303370786517,
                0.6404494382022472,
                0.651685393258427,
                0.651685393258427
            ],
            "hits_at_k": [
                0.9325842696629213,
                0.9325842696629213,
                0.9325842696629213,
                0.9325842696629213,
                0.9438202247191011,
                0.9438202247191011,
                0.9101123595505618,
                0.7752808988764045,
                0.7752808988764045
            ],
            "loss": [
                2.023256280448999,
                2.1968495229656777,
                1.6844561287526334,
                1.453649628028441,
                1.4259368382143172,
                1.2989949429972787,
                1.106591985466775,
                1.9267720426066537,
                2.3470515561907477
            ]
        }
    }
}